First Name;Last Name;E-Mail
Peter;Pan;peter.pan@ecologic.eu
Maja;Biene;maja.biene@bienenstock.de
ÖzdemirÖ;Üglü;oezdemir@ueglue.tu
Weiss;Cornelius;c.weiss@metaways.de
